epoch,train_loss,val_loss,val_accuracy,val_precision,val_recall,val_f1,val_auc
1,0.6727281282284509,0.6173353694734119,0.664777810915598,0.6633195510927348,0.6696481812760883,0.6664688427299704,0.7183151809615704
2,0.6257112600930141,0.59087298200244,0.68386519534745,0.6857314870559904,0.6791890280262374,0.6824445775913721,0.7542648467330713
3,0.6058388221361398,0.5771635376271748,0.6874440799284223,0.6925903245560319,0.6744186046511628,0.6833836858006043,0.764230505946663
4,0.5899293725597834,0.5647208537374224,0.7008648971070683,0.7185473411154345,0.6607036374478235,0.6884125504815161,0.7786058181518025
5,0.5824888533853558,0.5533680356684185,0.7172681181031911,0.7329073482428115,0.6839594514013119,0.7075879086983343,0.7892652665644839
6,0.5722253609654362,0.5412626584370931,0.719355800775425,0.7167255594817432,0.7257006559332141,0.7211851851851852,0.800613878914928
7,0.5630022820641414,0.5393607326916285,0.7178645988666865,0.7338451695457454,0.6839594514013119,0.7080246913580247,0.8013126491646778
8,0.5508956578245924,0.5332215246700105,0.7309871756635848,0.7441713925645873,0.7042337507453786,0.7236519607843137,0.8059603252199132
9,0.5436179704948925,0.5211251077197847,0.7354607813898002,0.784992784992785,0.6487775790101371,0.7104146261834803,0.8178196731576873
10,0.5407027778937529,0.5234195340247382,0.7283030122278557,0.7405778894472361,0.7030411449016101,0.7213215050474151,0.8137898252789745
11,0.5336801566960622,0.5084118377594721,0.7464956755144646,0.7483483483483484,0.7429934406678592,0.7456612806702573,0.8274126430451012
12,0.5254739052435128,0.50550234743527,0.7453027139874739,0.763951250801796,0.7101967799642218,0.7360939431396786,0.8289001982458162
13,0.5213552776167973,0.4943475990068345,0.7506710408589323,0.769378603459321,0.716159809183065,0.7418159357628165,0.8376874831889541
14,0.5107283344176162,0.4960291059244247,0.7560393677303907,0.7744408945686901,0.7227191413237924,0.7476866132017272,0.8353823241013116
15,0.5122465115261468,0.4900131815955752,0.7608112138383537,0.7926421404682275,0.7066189624329159,0.7471626733921816,0.8412578291442696
16,0.5027109834923579,0.4795507558754512,0.7655830599463167,0.8202731847591661,0.6803816338700059,0.74380704041721,0.8472304646751003
17,0.49594690847250583,0.48423877613885064,0.7623024157470921,0.7898550724637681,0.7149672033392963,0.750547730829421,0.8442873753136282
18,0.49715302205037,0.47389944649878,0.7694601849090367,0.8095890410958904,0.7048300536672629,0.7535862288810965,0.8537584873545356
19,0.48703958986970786,0.4635891976810637,0.7775126752162242,0.8068556361239289,0.7298747763864043,0.7664370695053224,0.859534015594958
20,0.48473631451953897,0.4644147501105354,0.773933790635252,0.7970265029088559,0.7352415026833632,0.7648883374689828,0.8586477443667874
21,0.47971334852323944,0.45206754008928934,0.7819862809424396,0.7839135654261705,0.7787716159809183,0.7813341310200419,0.8690129550011885
22,0.471204135193659,0.45374934985524135,0.7831792424694304,0.8183646112600537,0.7280858676207513,0.7705900915115178,0.8654806785044894
23,0.4719920071843699,0.44701807555698214,0.7879510885773934,0.8202917771883289,0.7376267143709004,0.7767660910518055,0.8704425165406461
24,0.46147761547248545,0.44615530314899626,0.7849686847599165,0.81282722513089,0.740608228980322,0.7750390015600623,0.8702219271542688
25,0.46313932611167064,0.44194515900952475,0.791231732776618,0.8157724628312863,0.7525342874180083,0.78287841191067,0.8733955680034382
26,0.4611137861610678,0.4383807931627546,0.792126453921861,0.810126582278481,0.7632677400119261,0.7859993859379797,0.8758003481042833
27,0.45792890984587875,0.43163914339882986,0.8016701461377871,0.8268733850129198,0.7632677400119261,0.793798449612403,0.8815104111074583
28,0.45435176238204317,0.42995364595027197,0.7966000596480763,0.8020643594414086,0.7877161598091831,0.7948255114320097,0.8811258028386295
29,0.45033803938722317,0.41957632714793797,0.8016701461377871,0.8146766169154229,0.7811568276684556,0.797564687975647,0.8875805329154942
30,0.4462576445748226,0.4242844615663801,0.8061437518640023,0.8354016982364467,0.7626714370900417,0.7973815461346632,0.883313551446426
31,0.4416686032264511,0.4214610116822379,0.7992842230838055,0.8161209068010076,0.7728085867620751,0.7938744257274118,0.8857681420538721
32,0.43137325596346204,0.4151527769508816,0.8094243960632269,0.8357050452781372,0.7704233750745378,0.8017375116351226,0.8895679721288867
33,0.4374093877452527,0.41184274426528383,0.8112138383537131,0.8152173913043478,0.8050089445438283,0.8100810081008101,0.8930201960256909
34,0.43401579519234795,0.41448421946593694,0.8070384730092455,0.8182941903584673,0.789505068574836,0.8036418816388468,0.890234009760013
35,0.42992732498665287,0.4059358914693197,0.81419624217119,0.8448952879581152,0.7698270721526536,0.805616224648986,0.8953566645746254
36,0.4222593195355499,0.4075978301820301,0.8094243960632269,0.8579310344827586,0.7418008348240906,0.7956507834985609,0.8961077358563067
37,0.41742115018314135,0.39592027493885584,0.819862809424396,0.8468002585649644,0.7811568276684556,0.8126550868486353,0.9005931719757552
38,0.42109991326653884,0.4010377421265557,0.8127050402624515,0.8457481872116018,0.7650566487775791,0.8033813400125235,0.8979521477578869
39,0.416103455247567,0.39277694750399816,0.8240381747688637,0.8411801632140615,0.7990459153249851,0.8195718654434251,0.9022564871069063
40,0.4075470699305915,0.3867250811486017,0.8210557709513868,0.8338499690018599,0.8020274299344067,0.8176291793313071,0.9047480798049705
41,0.41645881052153727,0.38870589889231183,0.823739934387116,0.8319070904645477,0.8115682766845558,0.8216118321762752,0.9050462312659128
42,0.4116614227524077,0.3924130127543495,0.8231434536236206,0.8603723404255319,0.7716159809183065,0.8135806350204338,0.9024742301786205
43,0.4042890203815784,0.39663786178543453,0.8234416940053684,0.8488745980707395,0.7871198568872988,0.8168316831683168,0.9009642602499349
44,0.40999201546539316,0.39733003065699624,0.8180733671339099,0.817748659916617,0.8187239117471675,0.8182359952324194,0.9003935741600171
45,0.4022731426303372,0.3921597706420081,0.8255293766776022,0.8812849162011173,0.7525342874180083,0.8118366034094564,0.9064914475360166
46,0.3994091789415278,0.3786057433911732,0.831494184312556,0.855044699872286,0.7984496124031008,0.8257786000616713,0.9105855153893117
47,0.3953606889169884,0.3768605242172877,0.8389501938562481,0.873767258382643,0.7924865831842576,0.8311444652908068,0.9122328200004839
48,0.3913114112030509,0.3777071562551317,0.833283626603042,0.8663171690694627,0.7883124627310674,0.8254761161411177,0.9119994221981234
49,0.39303216380819467,0.37511458609785353,0.8329853862212944,0.858242463117383,0.7978533094812165,0.826946847960445,0.9119296874888816
50,0.3881666341564163,0.3610115892830349,0.8359677900387712,0.8450704225352113,0.8228980322003577,0.8338368580060422,0.9179286514303442
51,0.38977765817583704,0.3619275845232464,0.8428273188189681,0.8575870646766169,0.8223017292784734,0.8395738203957381,0.9175063294922318
52,0.38528490931953635,0.3588234447297596,0.8431255592007157,0.8594628357276702,0.8205128205128205,0.839536302623551,0.9193994845324145
53,0.3851191340231457,0.36883462156568253,0.8380554727110051,0.867704280155642,0.7978533094812165,0.831314072693383,0.9146770927172769
54,0.3775710065854839,0.3639705770072483,0.8490903668356695,0.8824297844546048,0.8056052474657126,0.8422693266832918,0.9174515379349701
55,0.378097636933707,0.3655629126798539,0.8425290784372204,0.8656906429026098,0.8109719737626714,0.8374384236453202,0.9169733570715976
56,0.3743090150241715,0.36247171745413825,0.8401431553832389,0.8590308370044053,0.813953488372093,0.8358848744641765,0.9181081471487755
57,0.37496388272395653,0.36107009791192557,0.8407396361467343,0.863318499682136,0.8097793679189028,0.8356923076923077,0.9188650889544488
58,0.37530830100270135,0.35823355104242055,0.8422308380554727,0.8504273504273504,0.8306499701848539,0.840422322775264,0.9191379793727577
59,0.3715885573796212,0.3575475091025943,0.8401431553832389,0.8541278708876474,0.8205128205128205,0.8369829683698297,0.9194172739990578
60,0.3648861688095124,0.3535554640349888,0.8401431553832389,0.8585795097423005,0.8145497912939773,0.8359853121175032,0.9210201049436217
61,0.36850492159525555,0.3619925764344987,0.8377572323292574,0.8784235136940548,0.7841383422778772,0.8286074354127284,0.9184875964722775
62,0.3624443663836501,0.35491392669223604,0.8431255592007157,0.8559059987631417,0.8252832438878951,0.8403157255616271,0.9207137703280236
63,0.3638546385160497,0.3552600904589608,0.8407396361467343,0.8543087414755115,0.8217054263565892,0.8376899696048633,0.9206419008827845
64,0.371245090550684,0.3547133410260791,0.8446167611094543,0.8581164807930607,0.8258795468097794,0.8416894560923731,0.9205988503735076
65,0.36473295056015437,0.34883386336621786,0.8502833283626603,0.865588052271313,0.8294573643410853,0.8471376370280147,0.923303916671292
66,0.3657930669182405,0.3474873692506836,0.8535639725618849,0.8772264631043257,0.8223017292784734,0.8488765774084334,0.9244776656804188
67,0.36376298641012733,0.35073034238247647,0.8458097226364449,0.8460620525059666,0.8455575432319619,0.8458097226364449,0.9224436180644207
68,0.3535717399086201,0.35349556505680085,0.8467044437816881,0.8623052959501558,0.8252832438878951,0.8433881779402802,0.923090798860905
69,0.3488908181831637,0.3444573244878224,0.8473009245451835,0.861576660459342,0.8276684555754323,0.8442822384428224,0.9262914796993722
70,0.3550169799469244,0.34769640153362635,0.8464062033999403,0.8564417177914111,0.8324388789505068,0.8442697308739039,0.9249875117944164
71,0.3523247522322922,0.34381223235811503,0.8431255592007157,0.8395280235988201,0.8485390578413834,0.8440094899169632,0.9260644861050035
72,0.3430351265429963,0.3418487966770217,0.8517745302713987,0.8624078624078624,0.8372093023255814,0.8496217851739789,0.9265778901123298
73,0.35030129844425645,0.3413654930534817,0.8517745302713987,0.8610771113831089,0.8389982110912343,0.8498942917547568,0.9282892368034178
74,0.34333415670750816,0.3327638395485424,0.8523710110348941,0.85431654676259,0.8497316636851521,0.852017937219731,0.9316674565189855
75,0.3456164264788657,0.34515674795423235,0.8493886072174173,0.9013698630136986,0.7847346451997614,0.8390181702263309,0.9290790891223816
76,0.3458475389180739,0.3362398881287802,0.8538622129436325,0.8661320172732881,0.8372093023255814,0.8514251061249242,0.9286873650668954
77,0.338478694298516,0.33185635819321585,0.8559498956158664,0.873125,0.8330351818723912,0.8526090936832469,0.93204779531582
78,0.3391367314356724,0.34000263469559805,0.8520727706531465,0.9149683766690091,0.776386404293381,0.8399999999999999,0.9313927871540126
79,0.3450367074375991,0.335829378309704,0.8598270205785863,0.8826886493341788,0.8300536672629696,0.8555623847572218,0.9294882468551782
80,0.3428964406130016,0.34090566848005566,0.8526692514166418,0.8828478964401294,0.8133571854502087,0.8466790813159528,0.9272175993328238
81,0.3326107815730791,0.3399822290454592,0.8529674917983895,0.8785166240409207,0.8193202146690519,0.8478864547979018,0.9282764283874346
82,0.33734470669842936,0.3370322795141311,0.8535639725618849,0.8772264631043257,0.8223017292784734,0.8488765774084334,0.9300219308544779
83,0.33325180918709635,0.3317523155184019,0.8568446167611095,0.8868778280542986,0.8181276088252832,0.8511166253101737,0.931912773263997
84,0.345392088598147,0.32799825639951796,0.8589322994333433,0.8757802746566792,0.836612999403697,0.8557487038731321,0.9325494582751617
85,0.3336671137370946,0.33190714589187076,0.8544586937071279,0.8784213876511776,0.8228980322003577,0.8497536945812808,0.9326899950616441
86,0.33220591668824234,0.32504343284027915,0.8589322994333433,0.8720642768850433,0.8413834227787717,0.8564491654021245,0.9339469987746615
87,0.33371625023994955,0.34347842435042064,0.8550551744706233,0.8809980806142035,0.8211091234347049,0.8500000000000001,0.9303275538914102
88,0.328274927530552,0.33625798864024026,0.8595287801968386,0.892578125,0.817531305903399,0.8534080298786182,0.9328508118400998
89,0.3326722173542089,0.3284878662654332,0.8637041455413063,0.8696969696969697,0.8556946929039952,0.8626390141268412,0.9329233928640045
90,0.32585185725081917,0.33122869517121994,0.8559498956158664,0.8797709923664122,0.8246869409660107,0.8513388734995383,0.9325757866857938
91,0.3339131441584394,0.33239196219614575,0.8562481359976141,0.8750784682988073,0.8312462731067383,0.852599388379205,0.9318951616920202
92,0.326996947175886,0.31838208245379584,0.8631076647778109,0.8898847631241997,0.8288610614192009,0.8582895955541834,0.9369790354693501
93,0.31956012969063347,0.3277496248483658,0.8562481359976141,0.8623408126137053,0.8479427549194991,0.8550811785929044,0.9333012411355088
94,0.32359399788218773,0.3213396862858818,0.8645988666865494,0.8672672672672672,0.8610614192009541,0.8641532016756434,0.9354569687033472
95,0.322293907068746,0.3371284887194633,0.8586340590515956,0.8780641106222502,0.8330351818723912,0.8549571603427174,0.9325103214485464
96,0.3244466755104943,0.3198023400136403,0.8657918282135401,0.8870662460567823,0.83840190816935,0.862047823421214,0.9356085349591483
97,0.3204681831878631,0.3207830861210823,0.8645988666865494,0.8937540244687702,0.8276684555754323,0.8594427244582042,0.93735510479419
98,0.3170654609464185,0.3243715049255462,0.860125260960334,0.8756218905472637,0.8395945140131187,0.8572298325722983,0.9341003439771269
99,0.30715424859999146,0.3186893548284258,0.8660900685952878,0.9018324607329843,0.8217054263565892,0.8599063962558502,0.9398829880042069
100,0.29605459950574825,0.31865438251268297,0.8699671935580078,0.9084924292297564,0.8228980322003577,0.8635794743429286,0.9395666912872884
101,0.28881726939619684,0.3177372129900115,0.8684759916492694,0.8916349809885932,0.8389982110912343,0.864516129032258,0.938784310544315
102,0.29110863689020855,0.3169495744364602,0.8684759916492694,0.8896595208070618,0.8413834227787717,0.8648482991112474,0.9392379419437198
103,0.28196509491751287,0.3151033396522204,0.8693707127945124,0.8903591682419659,0.8425760286225402,0.8658088235294118,0.9405230530140337
104,0.2834140512566625,0.3184349700098946,0.8663883089770354,0.8862350722815839,0.8407871198568873,0.8629130966952265,0.9397735827843504
105,0.28518866864937703,0.3166270726493427,0.864897107068297,0.879182156133829,0.8461538461538461,0.8623518687329078,0.940074758454622
106,0.2851047938830526,0.32577113296304433,0.8598270205785863,0.8807570977917981,0.8324388789505068,0.8559166155732679,0.9379852077026968
107,0.2844264437968258,0.31227281533536455,0.8681777512675216,0.8828270303781773,0.8491353607632678,0.8656534954407294,0.9409930507227504
108,0.27706107291524396,0.31715725582270393,0.8708619147032508,0.8897243107769424,0.8467501490757304,0.8677054689886955,0.9410841327919641
109,0.28071020059059004,0.30296726851236255,0.8765284819564569,0.8905380333951762,0.8586762075134168,0.8743169398907105,0.9428655699816271
110,0.2779639037383115,0.3112019834773881,0.8705636743215032,0.8901443816698054,0.8455575432319619,0.8672782874617736,0.9426588563792315
111,0.2804099778760918,0.30729549449114574,0.86966895317626,0.8717026378896883,0.8670244484197973,0.8693572496263079,0.9420675345080074
112,0.28064093175048965,0.3096848897990726,0.8753355204294662,0.897662665824384,0.8473464519976148,0.8717791411042944,0.9428805131336073
113,0.27433324178608404,0.3095393072991144,0.8732478377572324,0.9043927648578811,0.8348240906380441,0.8682170542635659,0.9431726161758909
114,0.27573609349064543,0.31500344624121984,0.87354607813898,0.903932946486138,0.8360166964818128,0.8686493184634448,0.9415398989273662
115,0.2746638262564419,0.3184371164157277,0.8744407992842231,0.9072632944228275,0.8342277877161598,0.8692140416278347,0.9420806987133235
116,0.2728174888587924,0.30843918401570547,0.8744407992842231,0.9025641025641026,0.8395945140131187,0.8699413036762436,0.9444125420009307
117,0.2687497216073038,0.30774887729258765,0.8714583954667462,0.8864764267990074,0.8521168753726893,0.8689571298266949,0.9451440448693043
118,0.26014074979536617,0.31466173792169205,0.8708619147032508,0.8830049261083743,0.855098389982111,0.8688276279915178,0.9438608906403213
119,0.26149658745265203,0.31151416237865176,0.8711601550849986,0.8844966028412601,0.8539057841383423,0.8689320388349515,0.94394823692154
120,0.2601526548556511,0.30510302370502834,0.8750372800477184,0.8858895705521472,0.8610614192009541,0.8732990625944966,0.9445029124914789
121,0.25743186118077405,0.30927228356401126,0.8747390396659708,0.8872458410351202,0.8586762075134168,0.8727272727272728,0.9443844346436343
122,0.24689148303982184,0.3150110977391402,0.8756337608112138,0.8967254408060453,0.8491353607632678,0.872281776416539,0.9445011335448146
123,0.25256181285851814,0.3150104780991872,0.8774232031017,0.9036989795918368,0.8449612403100775,0.8733436055469954,0.9454055500289612
124,0.24592194427376143,0.3155936272371383,0.8750372800477184,0.9011479591836735,0.8425760286225402,0.8708782742681047,0.9450494049067619
125,0.2455692326303396,0.3211825991315501,0.8738443185207277,0.8938442211055276,0.8485390578413834,0.8706026307739368,0.9448131607897384
126,0.2462170910554917,0.3055163904314949,0.8768267223382046,0.8891625615763546,0.8610614192009541,0.8748863980611936,0.9459751687508805
127,0.25516142661860386,0.31474910584234056,0.8738443185207277,0.8943396226415095,0.8479427549194991,0.8705234159779613,0.9460481055641182
128,0.24411276019424016,0.30810675443637936,0.8729495973754846,0.8897196261682243,0.851520572450805,0.870201096892139,0.9470204778108424
129,0.2473892345719786,0.3067139835939521,0.8756337608112138,0.8927680798004988,0.8539057841383423,0.8729046022554099,0.9468308420964247
130,0.24660034413718007,0.3033903854233878,0.8759320011929616,0.8943089430894309,0.8527131782945736,0.873015873015873,0.9475876060074317
131,0.24449506692268366,0.3066244060439723,0.8750372800477184,0.9011479591836735,0.8425760286225402,0.8708782742681047,0.9470848756800914
132,0.24374790276364558,0.31330336531003317,0.8759320011929616,0.9065119277885235,0.83840190816935,0.8711276332094176,0.9458470845910487
133,0.2458448041009513,0.3036818926533063,0.8801073665374292,0.8899082568807339,0.8676207513416816,0.8786231884057971,0.9476075302100723
134,0.23885174228186987,0.307649621793202,0.8798091261556815,0.9026548672566371,0.851520572450805,0.8763424363301626,0.9471378882906885
135,0.2408948854404237,0.32218667701596304,0.8753355204294662,0.9043031470777135,0.8395945140131187,0.8707482993197279,0.9469165873256454
136,0.2443925805298463,0.31257975229195184,0.8750372800477184,0.8955974842767296,0.8491353607632678,0.87174778083869,0.9468795852350274
137,0.24641333189783407,0.3070857850568635,0.8804056069191769,0.8957816377171216,0.8610614192009541,0.8780784432958346,0.9476630333459994
138,0.23983291250887823,0.3064371087721416,0.8798091261556815,0.8932098765432098,0.862850327966607,0.8777676675765848,0.9479640311216047
139,0.24296090685608196,0.30930606414164813,0.8768267223382046,0.8979848866498741,0.8503279666070364,0.8735068912710567,0.9472969261224797
140,0.24109833266258485,0.3150003030896187,0.8750372800477184,0.9021739130434783,0.8413834227787717,0.8707189139154582,0.9466180800753704
141,0.2423699805036888,0.30834784206180343,0.8792126453921861,0.9005037783375315,0.8527131782945736,0.8759571209800918,0.9472094019465945
142,0.24293582892551988,0.3023627817630768,0.8762302415747092,0.891439205955335,0.8568872987477638,0.8738218303435694,0.948143704734702
143,0.2403076211321939,0.3221923992037773,0.8768267223382046,0.9035759897828863,0.8437686344663089,0.8726487819919827,0.946336650713073
144,0.24412561680336914,0.31061905196734835,0.8780196838651954,0.9090322580645162,0.840190816935003,0.8732568949488689,0.9473054650664685
145,0.23310807169032244,0.3026698974626405,0.8765284819564569,0.8848263254113345,0.8658318425760286,0.8752260397830018,0.9476737070259854
146,0.24048982415889184,0.31679057833694274,0.8747390396659708,0.9041800643086817,0.83840190816935,0.8700495049504949,0.9460612697694344
147,0.23493079844184206,0.31390322276524135,0.8771249627199523,0.899557801642451,0.8491353607632678,0.8736196319018404,0.9469806294055614
148,0.2348174890065242,0.3079136863350868,0.8786161646286907,0.8949004975124378,0.8580799045915325,0.8761035007610349,0.9476064628420737
149,0.23958566004757012,0.3089485037894476,0.8756337608112138,0.8977272727272727,0.8479427549194991,0.8721251149954002,0.9470332862268256
150,0.23907317738439163,0.30263555617559523,0.8756337608112138,0.8874538745387454,0.8604651162790697,0.8737511353315167,0.9477793764578469
151,0.23679782309262787,0.30282051715822444,0.8765284819564569,0.885766646304215,0.86463923673226,0.8750754375377188,0.9484222877823365
152,0.2346867417768101,0.30416547191284954,0.8753355204294662,0.881746513038205,0.8670244484197973,0.8743235117257967,0.9477320564765754
153,0.23923746635089865,0.3146638642109576,0.8801073665374292,0.8986866791744841,0.8568872987477638,0.8772893772893773,0.9474897639408933
154,0.23614735390937644,0.30756942729155223,0.8777214434834476,0.8942128189172371,0.8568872987477638,0.8751522533495737,0.9475303239248402
155,0.23277517219963492,0.3205204132412161,0.8765284819564569,0.9097988319273199,0.8360166964818128,0.8713486637663145,0.9462654928464996
156,0.24137371956753584,0.31144843005708284,0.8768267223382046,0.8984867591424969,0.8497316636851521,0.8734293594851363,0.946776050539163
157,0.24064985529380586,0.30589461301763854,0.8750372800477184,0.8996188055908514,0.8443649373881932,0.8711165795139958,0.9475061302502054
158,0.24435331768419113,0.30371336862444875,0.8792126453921861,0.8911439114391144,0.8640429338103757,0.8773841961852862,0.9472823387598324
159,0.24018005862192143,0.30472454896995,0.8771249627199523,0.891640866873065,0.8586762075134168,0.8748481166464156,0.9481636289373426
160,0.239801031939213,0.3024980726696196,0.8762302415747092,0.8866421568627451,0.862850327966607,0.8745844666062254,0.9471567451253303
161,0.23849964150225703,0.320167715989408,0.8753355204294662,0.9074433656957929,0.8360166964818128,0.8702669149596525,0.946664688477976
162,0.2446069873732292,0.3062903777474449,0.8795108857739338,0.8970679975046787,0.8574836016696482,0.876829268292683,0.9480141974175387
163,0.24057102648270887,0.3130703270435333,0.8771249627199523,0.9026098026734564,0.8455575432319619,0.873152709359606,0.9467543473898582
164,0.23384305229886665,0.3070974529853889,0.8756337608112138,0.89375,0.8527131782945736,0.8727494659749772,0.9468927494403433
165,0.24086445173084858,0.3056865478910151,0.8741425589024754,0.8814589665653495,0.86463923673226,0.8729680915111379,0.9476559175593421
166,0.2323650767710555,0.3044586367195561,0.882195049209663,0.8942189421894219,0.8670244484197973,0.8804117468967606,0.9478857574683739
167,0.2331362470816859,0.30493592864700725,0.8768267223382046,0.8964868255959849,0.8521168753726893,0.8737389177621522,0.9484728098676037
168,0.24485028520653096,0.30287133203375904,0.878317924246943,0.8958203368683718,0.8562909958258795,0.875609756097561,0.9485624687794859
169,0.23860574614233765,0.3117917119037537,0.8753355204294662,0.9007001909611713,0.8437686344663089,0.8713054187192119,0.9465038716995202
170,0.2341507319551426,0.30461616214542164,0.8771249627199523,0.8960551033187226,0.853309481216458,0.874160048869884,0.9480013890015555
171,0.2315078950382327,0.3196470863762356,0.87354607813898,0.9092096668843893,0.8300536672629696,0.8678304239401496,0.9470208336001753
172,0.23809939465944507,0.309796614022482,0.8747390396659708,0.8891640866873065,0.8562909958258795,0.8724179829890644,0.9476004144234149
173,0.24186169186984102,0.30162074608462197,0.8750372800477184,0.8882716049382716,0.8580799045915325,0.872914771003943,0.9485699403554763
174,0.2367117432363194,0.30427688037355743,0.8780196838651954,0.8908754623921085,0.8616577221228384,0.8760230372840254,0.9479601174389429
175,0.2358491846754507,0.31459185544933593,0.8774232031017,0.9042145593869731,0.8443649373881932,0.8732654949121185,0.9469752925655684
176,0.23103142480969674,0.31060677887428373,0.8720548762302416,0.8875776397515528,0.8521168753726893,0.869485853361728,0.9476445323006905
177,0.2327676211428545,0.3044872267260438,0.8774232031017,0.8912237330037083,0.8598688133571855,0.8752655538694992,0.9475545175994753
178,0.24283672492105537,0.3120727447172006,0.8771249627199523,0.8897104128157732,0.8610614192009541,0.8751515151515151,0.9469937936108775
179,0.23062059022714756,0.3031485461053394,0.8804056069191769,0.8885505481120585,0.8700059630292188,0.8791804760470021,0.9481141742200742
180,0.23976560353714751,0.31246970107867605,0.8765284819564569,0.8910216718266254,0.8580799045915325,0.8742405832320778,0.9469073368029909
181,0.23972740844806278,0.30634749205339523,0.8777214434834476,0.8976773383553045,0.8527131782945736,0.8746177370030581,0.9478380816977696
182,0.23716495394828618,0.3092683393330801,0.8780196838651954,0.8952618453865336,0.8562909958258795,0.8753428832672965,0.94790141219902
183,0.23943058315260765,0.3090441721181075,0.8768267223382046,0.8935242839352429,0.8556946929039952,0.8742004264392323,0.947568393383457
184,0.2377970704926913,0.30351544309939654,0.8750372800477184,0.879372738238842,0.8694096601073346,0.8743628185907046,0.9479583384922787
185,0.23459997662706852,0.3024170481378124,0.8732478377572324,0.8868974042027195,0.8556946929039952,0.8710166919575114,0.9477683469885279
186,0.23988261282565893,0.3108090616762638,0.8747390396659708,0.8877236273904997,0.8580799045915325,0.8726500909642207,0.9480166879428688
187,0.2399887558308969,0.3062564356696038,0.8780196838651954,0.8972431077694235,0.8539057841383423,0.8750381912618392,0.9473373082117601
188,0.23731925787979352,0.3135293287180719,0.8756337608112138,0.9043645699614891,0.840190816935003,0.8710973724884081,0.9474929660448892
189,0.23977033416064483,0.3116555701763857,0.8747390396659708,0.9015974440894569,0.8413834227787717,0.8704503392967304,0.9475114670901983
190,0.2381680053573079,0.30622166097164155,0.8786161646286907,0.9029187817258884,0.8485390578413834,0.8748847217952659,0.9475043513035409
191,0.23704455617685746,0.3075712301546619,0.8771249627199523,0.8926132836747361,0.8574836016696482,0.8746958637469586,0.9479617184909408
192,0.23770834043896272,0.3054416263387317,0.8795108857739338,0.8985597996242956,0.8556946929039952,0.8766035430665853,0.9479885805855723
193,0.23925212729562279,0.30425186338169236,0.8771249627199523,0.8985507246376812,0.8503279666070364,0.8737745098039217,0.9476747743939842
194,0.24754498936312086,0.3079931336144606,0.8789144050104384,0.895457373988799,0.8580799045915325,0.8763702801461632,0.9474271450183089
195,0.2395593044033811,0.3058114032660212,0.8780196838651954,0.8947696139476962,0.8568872987477638,0.8754188242461164,0.9472570777171986
196,0.2414484224634546,0.30902150450717836,0.8789144050104384,0.892041949413942,0.8622540250447227,0.87689508793208,0.9474385302769606
197,0.23823878286379735,0.30867136124344097,0.878317924246943,0.8958203368683718,0.8562909958258795,0.875609756097561,0.9476680143966596
198,0.23007616849429524,0.3100734394575868,0.8762302415747092,0.8938826466916354,0.8539057841383423,0.8734370234827691,0.9474616565835969
199,0.23961879415075715,0.31161977889991943,0.8786161646286907,0.8910098522167488,0.862850327966607,0.8767040290820962,0.9478135322338019
200,0.23693847814708155,0.3169155871584302,0.8759320011929616,0.9065119277885235,0.83840190816935,0.8711276332094176,0.9469948609788761
201,0.23303949583801756,0.3087805440738088,0.8762302415747092,0.8968553459119497,0.8503279666070364,0.8729721456994184,0.9463249096650884
202,0.2446046437542497,0.31442826496703286,0.8774232031017,0.8976130653266332,0.8521168753726893,0.8742734781278678,0.9474150481809914
203,0.240799257063244,0.31542065877999576,0.8747390396659708,0.8970309538850284,0.8467501490757304,0.8711656441717791,0.9461712086732901
204,0.2366693758754277,0.30922136441582726,0.8759320011929616,0.896291640477687,0.8503279666070364,0.8727050183598531,0.9475605660181339
205,0.23328743332612245,0.31830474148903576,0.8732478377572324,0.9070221066319896,0.8318425760286225,0.8678071539657854,0.945978726644209
206,0.23903530276169074,0.3137386106664226,0.8762302415747092,0.9003807106598984,0.8461538461538461,0.8724254534276054,0.9472844734958296
207,0.2351768426292391,0.31050431146508173,0.8780196838651954,0.9074550128534704,0.8419797257006559,0.8734921125889267,0.9476174923113925
208,0.2371036737684945,0.3217518085879939,0.8762302415747092,0.9029374201787995,0.8431723315444246,0.872032069071847,0.9465586632567816
209,0.2370421237146562,0.3081675449297542,0.8765284819564569,0.8954289292423294,0.8527131782945736,0.8735491753207085,0.9475641239114625
210,0.2433938446601354,0.3152329710267839,0.8759320011929616,0.9102147039687704,0.8342277877161598,0.8705662725575606,0.946755414757857
211,0.23878082553789415,0.3065336098273595,0.8774232031017,0.8966165413533834,0.853309481216458,0.8744271310724107,0.9475338818181689
212,0.23611214203885728,0.30888053427139917,0.8804056069191769,0.8992490613266583,0.8568872987477638,0.877557251908397,0.9480636521348071
213,0.23301074541114836,0.3075501268108686,0.8786161646286907,0.8998740554156172,0.8521168753726893,0.8753445635528331,0.947880064839048
214,0.24751461409260891,0.3111792232309069,0.8774232031017,0.9016497461928934,0.8473464519976148,0.8736550876114356,0.9473036861198043
215,0.23731659517332088,0.31394718551919576,0.8738443185207277,0.8953341740226987,0.8467501490757304,0.8703646950658902,0.9475331702395031
216,0.24259203904001747,0.3084994056395122,0.8786161646286907,0.8914919852034525,0.8622540250447227,0.876629281600485,0.9470606820054563
217,0.23943331046125152,0.3185896164604596,0.8738443185207277,0.9039948453608248,0.836612999403697,0.8689996903065965,0.9468144757871128
218,0.23672002787817964,0.30701129656462445,0.8747390396659708,0.8877236273904997,0.8580799045915325,0.8726500909642207,0.9474449344849522
219,0.23786651749918067,0.30447412072902635,0.8807038473009245,0.8973242065961419,0.8598688133571855,0.8781973203410475,0.9481440605240351
220,0.23653563825844012,0.31130141679729734,0.8777214434834476,0.8971786833855799,0.853309481216458,0.8746943765281173,0.9471229451387081
221,0.23615553386981747,0.3053016966297513,0.8801073665374292,0.8875379939209727,0.8706022659511031,0.8789885611077664,0.9478185132844621
222,0.22928352635696622,0.31491000776489575,0.8753355204294662,0.9043031470777135,0.8395945140131187,0.8707482993197279,0.9466042042913886
223,0.23773119098874446,0.3085267826205208,0.8753355204294662,0.8845448992058644,0.8634466308884914,0.8738684369342185,0.9476320796740401
224,0.23085449099662603,0.30340285077691076,0.8786161646286907,0.8953922789539228,0.8574836016696482,0.8760280231495584,0.947757673308542
225,0.24164937972138753,0.3109272625474703,0.8789144050104384,0.8969394128669581,0.8562909958258795,0.87614399023795,0.9469859662455544
226,0.24500661284676115,0.3080056184104511,0.8786161646286907,0.8963795255930087,0.8562909958258795,0.875876791704788,0.9474385302769607
227,0.2402580457078655,0.3059126251155422,0.8786161646286907,0.89937106918239,0.8527131782945736,0.8754208754208754,0.9481444163133679
228,0.23889018815384078,0.3086305879411243,0.8759320011929616,0.8908865468071916,0.8568872987477638,0.8735562310030395,0.9474588102689341
229,0.23088475213917486,0.31329883017710275,0.8753355204294662,0.8981657179000633,0.8467501490757304,0.8717004297114794,0.9469130294323167
230,0.23894817809477173,0.31163551062345507,0.8762302415747092,0.899367088607595,0.8473464519976148,0.8725821307952104,0.9466319558593521
231,0.23245711374746023,0.30366032215810956,0.878317924246943,0.8938547486033519,0.8586762075134168,0.8759124087591241,0.9479512227056214
232,0.2504051252285396,0.3097506622473399,0.8780196838651954,0.8977415307402761,0.853309481216458,0.8749617853867319,0.9474801576289061
233,0.2377223017909288,0.3047649488917419,0.8807038473009245,0.8973242065961419,0.8598688133571855,0.8781973203410475,0.9479725700655933
234,0.24181985853578902,0.30750551117318015,0.8768267223382046,0.8945068664169787,0.8545020870602266,0.8740469655382738,0.9471679524893156
235,0.23182775564720295,0.3147161282244183,0.8777214434834476,0.9032463399108848,0.8461538461538461,0.873768472906404,0.9471385998693541
236,0.24257195853687258,0.30924212017229624,0.8759320011929616,0.9039077514413837,0.8413834227787717,0.8715256331068562,0.9474363955409635
237,0.2325789107501141,0.3044242560153916,0.8801073665374292,0.8903857930189835,0.8670244484197973,0.8785498489425982,0.9470176314961796
238,0.24258248099642055,0.30943389964245616,0.8765284819564569,0.8994307400379506,0.8479427549194991,0.8729281767955801,0.9469898799282159
239,0.23797110598420074,0.3050931755630743,0.8771249627199523,0.896551724137931,0.8527131782945736,0.874083129584352,0.9476356375673687
240,0.23747518759197983,0.3111647961749917,0.8804056069191769,0.89875,0.8574836016696482,0.8776319804699421,0.9474239429143131
241,0.23197081693446223,0.3094554681508314,0.8780196838651954,0.9027954256670903,0.8473464519976148,0.8741925561365733,0.9472549429812015
242,0.24000548533257288,0.3188403884569804,0.8768267223382046,0.9103896103896104,0.8360166964818128,0.8716195212931303,0.9472307493065666
243,0.24196563717473016,0.3148909391391845,0.8768267223382046,0.9035759897828863,0.8437686344663089,0.8726487819919827,0.9468614399790511
244,0.2438614074300769,0.3109360148154554,0.8762302415747092,0.8963567839195979,0.8509242695289206,0.8730498623432241,0.9470026883441991
245,0.23683998439697157,0.317042075026603,0.8759320011929616,0.9049454078355812,0.840190816935003,0.8713667285095856,0.9472613471891931
246,0.23150514782328305,0.30432026641709464,0.8759320011929616,0.9013367281985997,0.8443649373881932,0.87192118226601,0.9472535198238701
247,0.23734536571218678,0.3053752761156786,0.8798091261556815,0.8869987849331713,0.8706022659511031,0.878724044538068,0.9483208878224697
248,0.23553497082190036,0.309428434889941,0.8774232031017,0.8907407407407407,0.8604651162790697,0.8753412192902639,0.9478544480070815
249,0.23756983719293812,0.3075003555488019,0.8804056069191769,0.89875,0.8574836016696482,0.8776319804699421,0.947859073268409
250,0.24256350013954994,0.3082705297640392,0.8801073665374292,0.8957169459962756,0.8604651162790697,0.8777372262773724,0.947544199708822
251,0.23234797352905898,0.3150115506634826,0.8753355204294662,0.8956631049654306,0.8497316636851521,0.872093023255814,0.9463519496543864
252,0.24072952032211126,0.3108933804290635,0.8753355204294662,0.8996825396825396,0.8449612403100775,0.8714637146371462,0.9477078628019406
253,0.24049394697347057,0.31386113748663946,0.8756337608112138,0.8972257250945775,0.8485390578413834,0.872203493717438,0.9463117454597724
254,0.2389886423732118,0.3042611751882803,0.8789144050104384,0.8830620855937311,0.8735837805605248,0.8782973621103117,0.9476971891219546
255,0.2345013019070791,0.30771737084502265,0.8753355204294662,0.8912367930391547,0.855098389982111,0.872793670115642,0.9476007702127478
256,0.24091205688799086,0.3053864177493822,0.8810020876826722,0.8915441176470589,0.8676207513416816,0.8794197642792384,0.9479280963989849
257,0.2377463056342124,0.30748222051631835,0.8780196838651954,0.9043367346938775,0.8455575432319619,0.873959938366718,0.9473559871517356
258,0.23567091192143583,0.3143964904050032,0.8792126453921861,0.9035532994923858,0.8491353607632678,0.875499538887181,0.9468710462910384
259,0.2381484797624357,0.3019853864042532,0.8780196838651954,0.8865853658536585,0.8670244484197973,0.8766958094663854,0.9484582225049563
260,0.23601152945942186,0.29663399553724695,0.878317924246943,0.8838475499092558,0.8711985688729875,0.8774774774774776,0.9490136096535607
261,0.23975449003629645,0.3008765812431063,0.8807038473009245,0.8963376784605835,0.8610614192009541,0.878345498783455,0.9479839553242451
262,0.23501002619420092,0.3039405956154778,0.8798091261556815,0.8912776412776413,0.8652355396541443,0.8780635400907716,0.9480387468815066
263,0.2327123280302269,0.31513046916751636,0.8765284819564569,0.8949343339587242,0.853309481216458,0.8736263736263736,0.9471055114613975
264,0.23505410026370382,0.31140147891073,0.8777214434834476,0.9047923322683706,0.8443649373881932,0.8735348550277606,0.9477242291112524
265,0.24230925166686132,0.3090863769253095,0.8780196838651954,0.9012658227848102,0.8491353607632678,0.8744243168560025,0.9473108019064617
266,0.23967808717385636,0.31113114910466333,0.8753355204294662,0.8981657179000633,0.8467501490757304,0.8717004297114794,0.946621637968699
267,0.2417432000605363,0.2945459130974043,0.8818968088279153,0.8884172225591267,0.8735837805605248,0.8809380637402285,0.9485062540648931
268,0.23990794460923393,0.31253680615198043,0.8774232031017,0.9042145593869731,0.8443649373881932,0.8732654949121185,0.9474424439596222
269,0.23574857383296047,0.3099826631801469,0.8771249627199523,0.8955597248280175,0.8539057841383423,0.8742368742368742,0.9478651216870675
270,0.23983291884720448,0.3122407106416566,0.8753355204294662,0.9043031470777135,0.8395945140131187,0.8707482993197279,0.9472108251039261
271,0.23622877354179422,0.31067495562490965,0.8756337608112138,0.8932584269662921,0.853309481216458,0.8728270814272644,0.94681661052311
272,0.235297598051391,0.3043331670973982,0.8774232031017,0.8817852834740652,0.8717948717948718,0.8767616191904049,0.9477468217338896
273,0.23441456772524155,0.31607185992456616,0.8771249627199523,0.9015873015873016,0.8467501490757304,0.8733087330873309,0.9462640696891682
274,0.23713868918137315,0.3066214286855289,0.8780196838651954,0.8987421383647799,0.8521168753726893,0.8748086929905112,0.9482322962785857
275,0.23936962076521845,0.3063255794701122,0.8798091261556815,0.8996235884567126,0.855098389982111,0.8767960868236013,0.9475015049888779
276,0.2363274207144427,0.3049557494975272,0.8777214434834476,0.8869883934025656,0.8658318425760286,0.8762824381412191,0.9477277870045813
277,0.2412255856309444,0.30631220337180864,0.8813003280644199,0.9009404388714733,0.8568872987477638,0.8783618581907091,0.9476641007139981
278,0.2333808873983858,0.3038302404539926,0.8804056069191769,0.8943139678615575,0.862850327966607,0.8783004552352048,0.9479241827163235
279,0.24342957781989638,0.30635141176836833,0.8768267223382046,0.8959899749373433,0.8527131782945736,0.873816070882982,0.9467938400058065
280,0.24025610147962054,0.30844116675711813,0.8750372800477184,0.8906832298136645,0.855098389982111,0.8725281411621538,0.9470895009414184
281,0.23658446912750877,0.30537482166574115,0.8777214434834476,0.8917748917748918,0.8598688133571855,0.875531268973892,0.9475673260154585
282,0.23345837069404882,0.309327787480184,0.8786161646286907,0.8958852867830424,0.8568872987477638,0.8759524535202681,0.9476605428206695
283,0.23859134973131563,0.3087173227043379,0.8762302415747092,0.8958594730238394,0.851520572450805,0.8731274839498624,0.9472257682559064
284,0.2408411596846483,0.31063354348852523,0.8774232031017,0.9042145593869731,0.8443649373881932,0.8732654949121185,0.947068687265446
285,0.24265793722374307,0.3181877200092588,0.8762302415747092,0.9034526854219949,0.8425760286225402,0.8719531008947856,0.9467877915871479
286,0.23333859104655516,0.3004924860383783,0.8786161646286907,0.8848484848484849,0.8706022659511031,0.8776675683799219,0.9478074838151432
287,0.24000603800110046,0.3081417841215928,0.8768267223382046,0.89549436795995,0.853309481216458,0.8738931297709924,0.9471129830373877
288,0.23688862992332513,0.30132735385781245,0.8792126453921861,0.8979974968710889,0.8556946929039952,0.8763358778625954,0.9476523596660135
289,0.23237526078531348,0.3018734064840135,0.8801073665374292,0.8937615812229771,0.862850327966607,0.8780339805825242,0.9481458394706994
290,0.23736111380936908,0.3063241333833763,0.8777214434834476,0.8932340161390441,0.8580799045915325,0.8753041362530414,0.9474780228929089
291,0.24267057583863505,0.31515193844125383,0.8765284819564569,0.8939488459139114,0.8545020870602266,0.873780487804878,0.9476235407300513
292,0.2341443772422024,0.31743250560192837,0.8774232031017,0.9021601016518425,0.8467501490757304,0.8735773608120578,0.9469276167949643
293,0.24612627807692272,0.3139744848012924,0.8792126453921861,0.9010088272383354,0.8521168753726893,0.8758810910205332,0.9475071976182039
294,0.23647999027572528,0.30705660113266536,0.8786161646286907,0.89937106918239,0.8527131782945736,0.8754208754208754,0.9475747975914485
295,0.24096169235881854,0.30634768140457924,0.8765284819564569,0.8900555898702903,0.8592725104353012,0.8743932038834952,0.9472218545732449
296,0.23682904227471058,0.33195175915246916,0.8741425589024754,0.9087947882736156,0.8318425760286225,0.8686176836861769,0.9468205242057715
297,0.2348493894596407,0.3086466726093065,0.8789144050104384,0.8959501557632399,0.8574836016696482,0.8762949421084705,0.9483077236171537
298,0.2336015037217145,0.3085038109194665,0.8756337608112138,0.9038461538461539,0.8407871198568873,0.871177015755329,0.9473912102956894
299,0.23498667004101115,0.30725263428120386,0.8750372800477184,0.8941102756892231,0.8509242695289206,0.871982890314696,0.9478466206417585
300,0.23528534769707174,0.31329344291062583,0.878317924246943,0.89631480324797,0.8556946929039952,0.8755338621110432,0.9468561031390582
301,0.2444785313722668,0.3026570987488542,0.8780196838651954,0.8923267326732673,0.8598688133571855,0.8757971454600668,0.9484582225049561
302,0.23935363762431106,0.3114348717743442,0.8756337608112138,0.8977272727272727,0.8479427549194991,0.8721251149954002,0.9476463112473548
303,0.24245127960125362,0.30461174959228154,0.8795108857739338,0.8985597996242956,0.8556946929039952,0.8766035430665853,0.9481678984093371
304,0.24325393394001424,0.30353468606869377,0.8771249627199523,0.8863775198533903,0.8652355396541443,0.8756789378394688,0.9478101522351396
305,0.2355457199756475,0.31363584260855404,0.8759320011929616,0.8972904851921865,0.8491353607632678,0.8725490196078431,0.9474001050290112
306,0.23454044443119035,0.3054173654743603,0.8780196838651954,0.9007585335018964,0.8497316636851521,0.874501380791654,0.9477491343645531
307,0.23836880801950253,0.3037450980217684,0.8801073665374292,0.9001883239171374,0.855098389982111,0.8770642201834862,0.9486795234699992
308,0.24881829923982512,0.31379006597257797,0.878317924246943,0.9023462270133165,0.8485390578413834,0.8746158574062692,0.947194814583947
309,0.23433517146634666,0.30698416573660714,0.8774232031017,0.8996212121212122,0.8497316636851521,0.873965041398344,0.9476068186314065
310,0.23935840341332987,0.309508065808387,0.8792126453921861,0.9010088272383354,0.8521168753726893,0.8758810910205332,0.9475530944421436
311,0.23387170096207982,0.30519134941555204,0.8765284819564569,0.900952380952381,0.8461538461538461,0.8726937269372693,0.9475545175994751
312,0.24126738794376515,0.31045773146407946,0.8765284819564569,0.9029993618379069,0.8437686344663089,0.8723797780517879,0.947205488263933
313,0.2294590971099331,0.3148855227090064,0.8759320011929616,0.8982943777637398,0.8479427549194991,0.8723926380368098,0.947014073602851
314,0.23469802065312498,0.3202557350908007,0.8768267223382046,0.9082687338501292,0.83840190816935,0.8719379844961239,0.9471361093440241
315,0.24139504771534895,0.305647583873499,0.8792126453921861,0.8950310559006212,0.8592725104353012,0.8767873440827503,0.94741362502366
316,0.23921867874441458,0.30725678542540186,0.8771249627199523,0.8906732550957381,0.8598688133571855,0.8750000000000001,0.9481778605106573
317,0.23731334996552556,0.30734282710722516,0.8804056069191769,0.8880778588807786,0.8706022659511031,0.8792532369768142,0.9477526922578817
318,0.2379588116272705,0.3069652932030814,0.8771249627199523,0.8849665246500305,0.8670244484197973,0.8759036144578314,0.9475132460368626
319,0.24260725992863164,0.30348027181767284,0.8798091261556815,0.8912776412776413,0.8652355396541443,0.8780635400907716,0.948575988774135
320,0.24199440765265062,0.3007555622430075,0.8804056069191769,0.8876063183475091,0.8711985688729875,0.8793259103219982,0.9483073678278207
321,0.23780694939881747,0.3091270305571102,0.8771249627199523,0.8985507246376812,0.8503279666070364,0.8737745098039217,0.9474726860529159
322,0.23833371477929116,0.3138618833252362,0.8795108857739338,0.9025932953826692,0.8509242695289206,0.8759975445058317,0.946883498917689
323,0.23314709460138056,0.3119319479380335,0.8780196838651954,0.8884803921568627,0.86463923673226,0.8763977032336053,0.9474250102823116
324,0.23786811782751835,0.31157627857866743,0.8795108857739338,0.9005663939584645,0.853309481216458,0.8763012859767298,0.9472926566504853
325,0.23739368921042953,0.3011749103665352,0.878317924246943,0.8885486834047764,0.8652355396541443,0.8767371601208459,0.9487873276378577
326,0.24244479893693408,0.3117628812080338,0.8798091261556815,0.9072890025575447,0.8461538461538461,0.8756556618327677,0.9475908081114275
327,0.2423285921704184,0.3114928666679632,0.8771249627199523,0.9015873015873016,0.8467501490757304,0.8733087330873309,0.9474545407969395
328,0.24436744752745687,0.31197450551248734,0.8777214434834476,0.9084461637653127,0.840190816935003,0.8729863692688972,0.9470343535948244
329,0.23696502196794883,0.3075726348374571,0.8768267223382046,0.8877300613496932,0.862850327966607,0.8751133958270335,0.9477630101485349
330,0.24332472671333755,0.3131160054888044,0.8777214434834476,0.8976773383553045,0.8527131782945736,0.8746177370030581,0.9470870104160886
331,0.23573417851895642,0.31363249456598646,0.8762302415747092,0.8958594730238394,0.851520572450805,0.8731274839498624,0.9476263870447142
332,0.23804063149604085,0.3105677298846699,0.8750372800477184,0.8901985111662531,0.8556946929039952,0.8726056552143509,0.9474216302836495
333,0.2351064067600573,0.3129498745004336,0.8750372800477184,0.9052835051546392,0.8378056052474657,0.8702384639207185,0.9472065556319316
334,0.23613965826714697,0.30795207981552397,0.8768267223382046,0.8994943109987358,0.8485390578413834,0.873274010432648,0.947773328039188
335,0.23528736097650538,0.31101428036178863,0.8786161646286907,0.9080976863753213,0.8425760286225402,0.8741107330652644,0.9471510524960044
336,0.2425785224145785,0.3119765497389294,0.8774232031017,0.9016497461928934,0.8473464519976148,0.8736550876114356,0.9467660884378428
337,0.2446033061541053,0.3198955199902966,0.8738443185207277,0.9003831417624522,0.8407871198568873,0.8695652173913044,0.9466785642619577
338,0.23455139077392337,0.3042560612871533,0.8774232031017,0.8836363636363637,0.8694096601073346,0.8764652840396754,0.9474929660448893
339,0.24480763676524894,0.3043407070849623,0.8732478377572324,0.8840490797546012,0.8592725104353012,0.8714847293619595,0.948069344764133
340,0.23790117450713624,0.30876186082050916,0.8765284819564569,0.8934579439252337,0.855098389982111,0.8738574040219379,0.9470101599201892
341,0.2356431014256853,0.3036658309754871,0.8774232031017,0.8912237330037083,0.8598688133571855,0.8752655538694992,0.9477679911991951
342,0.24050303117385427,0.3158127300796055,0.8762302415747092,0.9070967741935484,0.83840190816935,0.871397582894329,0.947391388190356
343,0.23115455315796876,0.3051501189668973,0.8744407992842231,0.8871763255240444,0.8580799045915325,0.8723855713852683,0.9480035237375527
344,0.2444563754405712,0.3144505034954775,0.878317924246943,0.9059500959692899,0.8443649373881932,0.8740740740740741,0.9472005072132729
345,0.23605122713558757,0.3087540231290318,0.8777214434834476,0.8966812773951158,0.8539057841383423,0.8747709224190592,0.9481582920973497
346,0.2398837890879752,0.30739338486677126,0.8756337608112138,0.8860294117647058,0.8622540250447227,0.8739800543970988,0.9483130604571466
347,0.2385729277060807,0.3078624183578151,0.8771249627199523,0.8892307692307693,0.8616577221228384,0.8752271350696548,0.9475103997221997
348,0.2404416946195264,0.30137437397525424,0.8768267223382046,0.8863080684596577,0.86463923673226,0.8753395713854514,0.9481383678947092
349,0.23686163621080433,0.3082605158289274,0.8747390396659708,0.8995549904640814,0.8437686344663089,0.8707692307692309,0.9472919450718196
350,0.23421307081825163,0.297868098176661,0.8789144050104384,0.8905961893054702,0.8640429338103757,0.8771186440677966,0.9487848371125276
351,0.22877509994070466,0.3106698797927016,0.8792126453921861,0.9020227560050569,0.8509242695289206,0.8757287511506597,0.9474187839689865
352,0.23161870440761492,0.3085502979301271,0.8768267223382046,0.9046094750320103,0.8425760286225402,0.8724915097252238,0.9475404639208269
353,0.2371717217342132,0.3086133147989001,0.8789144050104384,0.8974358974358975,0.8556946929039952,0.8760683760683762,0.9477751069858523
354,0.23892129665899617,0.30168895437603904,0.8774232031017,0.885036496350365,0.8676207513416816,0.8762420957542908,0.9487674034352171
355,0.23814993398930642,0.3053681739739009,0.8723531166119892,0.8824249846907533,0.8592725104353012,0.8706948640483384,0.9473253892691091
356,0.23815345310878414,0.3081315345707394,0.878317924246943,0.8998109640831758,0.851520572450805,0.875,0.9479515784949542
357,0.23879471121085447,0.3157031060684295,0.8771249627199523,0.9109811565951916,0.8360166964818128,0.8718905472636815,0.9467258842432289
358,0.2431254927716494,0.3025103425340993,0.8771249627199523,0.8990536277602523,0.8497316636851521,0.8736971183323115,0.9478500006404208
359,0.23552515351638229,0.3216757902432056,0.8768267223382046,0.9066924066924067,0.840190816935003,0.8721757969668833,0.9468489873524009
360,0.24118317974491355,0.3157396862194652,0.8762302415747092,0.8988621997471555,0.8479427549194991,0.8726603252531451,0.9469913030855474
361,0.24105284015642353,0.3062777916590373,0.8804056069191769,0.8943139678615575,0.862850327966607,0.8783004552352048,0.9481027889614223
362,0.24089209253924512,0.3028033196926117,0.8786161646286907,0.8839177750906893,0.8717948717948718,0.8778144701290903,0.9479551363882828
363,0.23514173528777554,0.3130578879799162,0.8765284819564569,0.8949343339587242,0.853309481216458,0.8736263736263736,0.9471474946026758
364,0.2406829663824694,0.30004363829890884,0.8780196838651954,0.8977415307402761,0.853309481216458,0.8749617853867319,0.9482006310279607
365,0.2404614467105251,0.3153483072916667,0.8747390396659708,0.8990476190476191,0.8443649373881932,0.8708487084870848,0.9465807221954193
366,0.23526398957933628,0.3073047190549828,0.8768267223382046,0.8930348258706468,0.8562909958258795,0.8742770167427703,0.9473143597997902
367,0.23502030566426144,0.30967518435347646,0.8810020876826722,0.9023929471032746,0.8545020870602266,0.8777947932618683,0.9478658332657333
